# --- !Ups

CREATE SCHEMA IF NOT EXISTS MUSIT_MAPPING;

CREATE TABLE MUSIT_MAPPING.ACTOR (
  ACTORID             NUMBER(20) GENERATED BY DEFAULT AS IDENTITY,
  ACTORNAME           VARCHAR2(512),
  DATAPORTEN_UUID     VARCHAR2(36),
  DATAPORTEN_USERNAME VARCHAR(100),
  OLD_USERNAME        VARCHAR2(50),
  LOKAL_PK            INTEGER,
  TABELLID            INTEGER,
  OLD_SCHEMANAME      VARCHAR2(50),
  MUSEUM_ID           INTEGER,
  APPLICATION_UUID    VARCHAR2(36),
  PRIMARY KEY (ACTORID)
);

CREATE SCHEMA IF NOT EXISTS MUSARK_ACTOR;

CREATE TABLE MUSARK_ACTOR.ORGANISATION (
  ORG_ID NUMBER(20) GENERATED BY DEFAULT AS IDENTITY,
  FULL_NAME VARCHAR(255) NOT NULL,
  TEL VARCHAR(20),
  WEB VARCHAR(255),
  SYNONYMS VARCHAR(255),
  SERVICE_TAGS VARCHAR(500),
  PRIMARY KEY (ORG_ID)
);

CREATE TABLE MUSARK_ACTOR.ORGANISATION_ADDRESS (
  ORGADDRESSID NUMBER(20) GENERATED BY DEFAULT AS IDENTITY,
  ORG_ID NUMBER(20) NOT NULL,
  ADDRESS_TYPE VARCHAR(20),
  STREET_ADDRESS VARCHAR(100),
  LOCALITY VARCHAR(255),
  POSTAL_CODE VARCHAR(50),
  COUNTRY_NAME VARCHAR(255),
  LATITUDE FLOAT,
  LONGITUDE FLOAT,
  PRIMARY KEY (ORGADDRESSID),
  FOREIGN KEY (ORG_ID) REFERENCES MUSARK_ACTOR.ORGANISATION(ORG_ID)
);


INSERT INTO MUSIT_MAPPING.ACTOR (ACTORNAME, DATAPORTEN_UUID, DATAPORTEN_USERNAME, APPLICATION_UUID)
VALUES ('And, Arne1', '12345678-adb2-4b49-bce3-320ddfe6c90f', 'andarn', '41ede78c-a6f6-4744-adad-02c25fb1c97c');

INSERT INTO MUSIT_MAPPING.ACTOR (ACTORNAME, DATAPORTEN_UUID, DATAPORTEN_USERNAME, APPLICATION_UUID)
VALUES ('Kanin, Kalle1', 'd5a9a938-0905-470b-a892-88d0e7359579', 'kaninka', '5224f873-5fe1-44ec-9aaf-b9313db410c6');



INSERT INTO MUSARK_ACTOR.ORGANISATION (ORG_ID, FULL_NAME, TEL, WEB,SYNONYMS,SERVICE_TAGS)
VALUES (1, 'Kulturhistorisk museum - Universitetet i Oslo', '22 85 19 00', 'www.khm.uio.no','|Kulturhistorisk museum|UKM|KHM|','|storage_facility|');

INSERT INTO MUSARK_ACTOR.ORGANISATION (ORG_ID, FULL_NAME, TEL, WEB,SYNONYMS,SERVICE_TAGS)
VALUES (10, 'Arkeologisk museum', '22', 'ee','|Ark museum|AM|','');

INSERT INTO MUSARK_ACTOR.ORGANISATION(ORG_ID,FULL_NAME,TEL,WEB,SYNONYMS,SERVICE_TAGS) VALUES(362,'Museum of Archaeology/UiS',51832600,'http://am.uis.no/','','|analysis|');
INSERT INTO MUSARK_ACTOR.ORGANISATION(ORG_ID,FULL_NAME,TEL,WEB,SYNONYMS,SERVICE_TAGS) VALUES(361,'Norwegian geological Survey','','','','|analysis|');
INSERT INTO MUSARK_ACTOR.ORGANISATION(ORG_ID,FULL_NAME,TEL,WEB,SYNONYMS,SERVICE_TAGS) VALUES(360,'Vitenskapsmuseet: Nasjonallaboratoriene for datering',73593306,'','','|analysis|');
INSERT INTO MUSARK_ACTOR.ORGANISATION(ORG_ID,FULL_NAME,TEL,WEB,SYNONYMS,SERVICE_TAGS) VALUES(359,'Chrono Centre','','http://www.chrono.qub.ac.uk/content.html','','|analysis|');
INSERT INTO MUSARK_ACTOR.ORGANISATION(ORG_ID,FULL_NAME,TEL,WEB,SYNONYMS,SERVICE_TAGS) VALUES(358,'Beta Analytic Limited',442076177459,'http://www.radiocarbon.com/','','|analysis|');
INSERT INTO MUSARK_ACTOR.ORGANISATION(ORG_ID,FULL_NAME,TEL,WEB,SYNONYMS,SERVICE_TAGS) VALUES(357,'Poznan radiocarbon laboratory','','','','|analysis|');
INSERT INTO MUSARK_ACTOR.ORGANISATION(ORG_ID,FULL_NAME,TEL,WEB,SYNONYMS,SERVICE_TAGS) VALUES(356,'Macrogen Europe','','http://dna.macrogen.com/eng/','','|analysis|');
INSERT INTO MUSARK_ACTOR.ORGANISATION(ORG_ID,FULL_NAME,TEL,WEB,SYNONYMS,SERVICE_TAGS) VALUES(355,'Canadian Centre for DNA Barcoding','','http://ccdb.ca/','','|analysis|');


INSERT INTO MUSARK_ACTOR.ORGANISATION_ADDRESS (ORGADDRESSID,ORG_ID, ADDRESS_TYPE, STREET_ADDRESS, LOCALITY, POSTAL_CODE, COUNTRY_NAME, LATITUDE, LONGITUDE)
VALUES (10 ,1, 'WORK', 'Fredriks gate 2', 'OSLO', '0255', 'NORWAY', 0.0, 0.0);


INSERT INTO MUSARK_ACTOR.ORGANISATION_ADDRESS (ORGADDRESSID,ORG_ID, ADDRESS_TYPE, STREET_ADDRESS, LOCALITY, POSTAL_CODE, COUNTRY_NAME, LATITUDE, LONGITUDE)
VALUES (20, 10, 'WORK', 'Stavangergata 2', 'Stavanger', '4000', 'NORWAY', 0.0, 0.0);

INSERT INTO MUSARK_ACTOR.ORGANISATION_ADDRESS(ORGADDRESSID,ORG_ID,STREET_ADDRESS,LOCALITY,POSTAL_CODE,COUNTRY_NAME) VALUES(5,359,'Archaeology & Palaeoecology Building','42 Fitzwilliam Street','Belfast BT9 6AX','United Kingdom');
INSERT INTO MUSARK_ACTOR.ORGANISATION_ADDRESS(ORGADDRESSID,ORG_ID,STREET_ADDRESS,LOCALITY,POSTAL_CODE,COUNTRY_NAME) VALUES(4,358,'London bioscience innovation Centre','2 Royal College Street','London NW1 ONH','United Kingdom');
INSERT INTO MUSARK_ACTOR.ORGANISATION_ADDRESS(ORGADDRESSID,ORG_ID,STREET_ADDRESS,LOCALITY,POSTAL_CODE,COUNTRY_NAME) VALUES(3,357,'ul. Rubiez 46','','61-62 Poznan','Polen');
INSERT INTO MUSARK_ACTOR.ORGANISATION_ADDRESS(ORGADDRESSID,ORG_ID,STREET_ADDRESS,LOCALITY,POSTAL_CODE,COUNTRY_NAME) VALUES(2,356,'Meibergdreef 31','','1105 AZ, Amsterdam','Nederland');
INSERT INTO MUSARK_ACTOR.ORGANISATION_ADDRESS(ORGADDRESSID,ORG_ID,STREET_ADDRESS,LOCALITY,POSTAL_CODE,COUNTRY_NAME) VALUES(1,355,'Centre for Biodiversity Genomics','50 Stone Road East, University of Guelph,Guelph','ON, N1G2W1','Canada');
INSERT INTO MUSARK_ACTOR.ORGANISATION_ADDRESS(ORGADDRESSID,ORG_ID,STREET_ADDRESS,LOCALITY,POSTAL_CODE,COUNTRY_NAME) VALUES(8,362,'University of Stavanger','visit: Peder Klowsgt. 30A','4036 Stavanger','Norway');
INSERT INTO MUSARK_ACTOR.ORGANISATION_ADDRESS(ORGADDRESSID,ORG_ID,STREET_ADDRESS,LOCALITY,POSTAL_CODE,COUNTRY_NAME) VALUES(7,361,'Leiv Eirikssons vei 39, 70410 Trondheim','Postboks 6315 Sluppen','7491 Trondheim','Norway');
INSERT INTO MUSARK_ACTOR.ORGANISATION_ADDRESS(ORGADDRESSID,ORG_ID,STREET_ADDRESS,LOCALITY,POSTAL_CODE,COUNTRY_NAME) VALUES(6,360,'NTNU','Sem Sælands vei 5, Gløshaugen','7491 Trondheim','Norway');

# --- !Downs

DROP TABLE MUSIT_MAPPING.ACTOR;
DROP TABLE MUSARK_ACTOR.ORGANISATION_ADDRESS;
DROP TABLE MUSARK_ACTOR.ORGANISATION;