# --- !Ups

--------------------------------------------------------------------------------
-- ACTOR MODULE
--------------------------------------------------------------------------------
CREATE SCHEMA IF NOT EXISTS MUSARK_ACTOR;

CREATE TABLE MUSARK_ACTOR.ORGANISATION (
  ORG_ID NUMBER(20) GENERATED BY DEFAULT AS IDENTITY,
  FULL_NAME VARCHAR(255) NOT NULL,
  TEL VARCHAR(20),
  WEB VARCHAR(255),
  SYNONYMS VARCHAR(255),
  SERVICE_TAGS VARCHAR(500),
  PRIMARY KEY (ORG_ID)
);

CREATE TABLE MUSARK_ACTOR.ORGANISATION_ADDRESS (
  ORGADDRESSID NUMBER(20) GENERATED BY DEFAULT AS IDENTITY,
  ORG_ID NUMBER(20) NOT NULL,
  ADDRESS_TYPE VARCHAR(20),
  STREET_ADDRESS VARCHAR(100),
  LOCALITY VARCHAR(255),
  POSTAL_CODE VARCHAR(50),
  COUNTRY_NAME VARCHAR(255),
  LATITUDE FLOAT,
  LONGITUDE FLOAT,
  PRIMARY KEY (ORGADDRESSID),
  FOREIGN KEY (ORG_ID) REFERENCES MUSARK_ACTOR.ORGANISATION(ORG_ID)
);


INSERT INTO MUSIT_MAPPING.ACTOR (ACTORNAME, DATAPORTEN_UUID, DATAPORTEN_USERNAME, APPLICATION_UUID)
VALUES ('And, Arne1', '12345678-adb2-4b49-bce3-320ddfe6c90f', 'andarn', '41ede78c-a6f6-4744-adad-02c25fb1c97c');

INSERT INTO MUSIT_MAPPING.ACTOR (ACTORNAME, DATAPORTEN_UUID, DATAPORTEN_USERNAME, APPLICATION_UUID)
VALUES ('Kanin, Kalle1', 'd5a9a938-0905-470b-a892-88d0e7359579', 'kaninka', '5224f873-5fe1-44ec-9aaf-b9313db410c6');



INSERT INTO MUSARK_ACTOR.ORGANISATION (ORG_ID, FULL_NAME, TEL, WEB,SYNONYMS,SERVICE_TAGS)
VALUES (1, 'Kulturhistorisk museum - Universitetet i Oslo', '22 85 19 00', 'www.khm.uio.no','|Kulturhistorisk museum|UKM|KHM|','|storage_facility|');

INSERT INTO MUSARK_ACTOR.ORGANISATION (ORG_ID, FULL_NAME, TEL, WEB,SYNONYMS,SERVICE_TAGS)
VALUES (10, 'Arkeologisk museum', '22', 'ee','|Ark museum|AM|','');

INSERT INTO MUSARK_ACTOR.ORGANISATION(ORG_ID,FULL_NAME,TEL,WEB,SYNONYMS,SERVICE_TAGS) VALUES(362,'Museum of Archaeology/UiS',51832600,'http://am.uis.no/','','|analysis|');
INSERT INTO MUSARK_ACTOR.ORGANISATION(ORG_ID,FULL_NAME,TEL,WEB,SYNONYMS,SERVICE_TAGS) VALUES(361,'Norwegian geological Survey','','','','|analysis|');
INSERT INTO MUSARK_ACTOR.ORGANISATION(ORG_ID,FULL_NAME,TEL,WEB,SYNONYMS,SERVICE_TAGS) VALUES(360,'Vitenskapsmuseet: Nasjonallaboratoriene for datering',73593306,'','','|analysis|');
INSERT INTO MUSARK_ACTOR.ORGANISATION(ORG_ID,FULL_NAME,TEL,WEB,SYNONYMS,SERVICE_TAGS) VALUES(359,'Chrono Centre','','http://www.chrono.qub.ac.uk/content.html','','|analysis|');
INSERT INTO MUSARK_ACTOR.ORGANISATION(ORG_ID,FULL_NAME,TEL,WEB,SYNONYMS,SERVICE_TAGS) VALUES(358,'Beta Analytic Limited',442076177459,'http://www.radiocarbon.com/','','|analysis|');
INSERT INTO MUSARK_ACTOR.ORGANISATION(ORG_ID,FULL_NAME,TEL,WEB,SYNONYMS,SERVICE_TAGS) VALUES(357,'Poznan radiocarbon laboratory','','','','|analysis|');
INSERT INTO MUSARK_ACTOR.ORGANISATION(ORG_ID,FULL_NAME,TEL,WEB,SYNONYMS,SERVICE_TAGS) VALUES(356,'Macrogen Europe','','http://dna.macrogen.com/eng/','','|analysis|');
INSERT INTO MUSARK_ACTOR.ORGANISATION(ORG_ID,FULL_NAME,TEL,WEB,SYNONYMS,SERVICE_TAGS) VALUES(355,'Canadian Centre for DNA Barcoding','','http://ccdb.ca/','','|analysis|');


INSERT INTO MUSARK_ACTOR.ORGANISATION_ADDRESS (ORGADDRESSID,ORG_ID, ADDRESS_TYPE, STREET_ADDRESS, LOCALITY, POSTAL_CODE, COUNTRY_NAME, LATITUDE, LONGITUDE)
VALUES (10 ,1, 'WORK', 'Fredriks gate 2', 'OSLO', '0255', 'NORWAY', 0.0, 0.0);


INSERT INTO MUSARK_ACTOR.ORGANISATION_ADDRESS (ORGADDRESSID,ORG_ID, ADDRESS_TYPE, STREET_ADDRESS, LOCALITY, POSTAL_CODE, COUNTRY_NAME, LATITUDE, LONGITUDE)
VALUES (20, 10, 'WORK', 'Stavangergata 2', 'Stavanger', '4000', 'NORWAY', 0.0, 0.0);

INSERT INTO MUSARK_ACTOR.ORGANISATION_ADDRESS(ORGADDRESSID,ORG_ID,STREET_ADDRESS,LOCALITY,POSTAL_CODE,COUNTRY_NAME) VALUES(5,359,'Archaeology & Palaeoecology Building','42 Fitzwilliam Street','Belfast BT9 6AX','United Kingdom');
INSERT INTO MUSARK_ACTOR.ORGANISATION_ADDRESS(ORGADDRESSID,ORG_ID,STREET_ADDRESS,LOCALITY,POSTAL_CODE,COUNTRY_NAME) VALUES(4,358,'London bioscience innovation Centre','2 Royal College Street','London NW1 ONH','United Kingdom');
INSERT INTO MUSARK_ACTOR.ORGANISATION_ADDRESS(ORGADDRESSID,ORG_ID,STREET_ADDRESS,LOCALITY,POSTAL_CODE,COUNTRY_NAME) VALUES(3,357,'ul. Rubiez 46','','61-62 Poznan','Polen');
INSERT INTO MUSARK_ACTOR.ORGANISATION_ADDRESS(ORGADDRESSID,ORG_ID,STREET_ADDRESS,LOCALITY,POSTAL_CODE,COUNTRY_NAME) VALUES(2,356,'Meibergdreef 31','','1105 AZ, Amsterdam','Nederland');
INSERT INTO MUSARK_ACTOR.ORGANISATION_ADDRESS(ORGADDRESSID,ORG_ID,STREET_ADDRESS,LOCALITY,POSTAL_CODE,COUNTRY_NAME) VALUES(1,355,'Centre for Biodiversity Genomics','50 Stone Road East, University of Guelph,Guelph','ON, N1G2W1','Canada');
INSERT INTO MUSARK_ACTOR.ORGANISATION_ADDRESS(ORGADDRESSID,ORG_ID,STREET_ADDRESS,LOCALITY,POSTAL_CODE,COUNTRY_NAME) VALUES(8,362,'University of Stavanger','visit: Peder Klowsgt. 30A','4036 Stavanger','Norway');
INSERT INTO MUSARK_ACTOR.ORGANISATION_ADDRESS(ORGADDRESSID,ORG_ID,STREET_ADDRESS,LOCALITY,POSTAL_CODE,COUNTRY_NAME) VALUES(7,361,'Leiv Eirikssons vei 39, 70410 Trondheim','Postboks 6315 Sluppen','7491 Trondheim','Norway');
INSERT INTO MUSARK_ACTOR.ORGANISATION_ADDRESS(ORGADDRESSID,ORG_ID,STREET_ADDRESS,LOCALITY,POSTAL_CODE,COUNTRY_NAME) VALUES(6,360,'NTNU','Sem Sælands vei 5, Gløshaugen','7491 Trondheim','Norway');

--------------------------------------------------------------------------------
-- STORAGE FACILITY MODULE
--------------------------------------------------------------------------------
CREATE SCHEMA IF NOT EXISTS MUSARK_STORAGE;

-- ===========================================================================
-- Tables for storage nodes
-- ===========================================================================

CREATE TABLE MUSARK_STORAGE.STORAGE_NODE (
  storage_node_id   NUMBER(20) GENERATED BY DEFAULT AS IDENTITY,
  storage_node_uuid VARCHAR2(36)             NOT NULL,
  storage_node_name VARCHAR(512),
  area              NUMBER,
  area_to           NUMBER,
  is_storage_unit   VARCHAR(1)   DEFAULT '1',
  is_part_of        NUMBER(20),
  height            NUMBER,
  height_to         NUMBER,
  node_path         VARCHAR(1000)            NOT NULL,
  is_deleted        INTEGER DEFAULT 0        NOT NULL,
  storage_type      VARCHAR(100) DEFAULT 'StorageUnit',
  group_read        VARCHAR(4000),
  group_write       VARCHAR(4000),
  old_barcode       NUMBER(20),
  museum_id         INTEGER                  NOT NULL,
  updated_by        VARCHAR2(36)             NOT NULL,
  updated_date      TIMESTAMP WITH TIME ZONE NOT NULL, -- When the change was received by the system
  PRIMARY KEY (storage_node_id)
);

CREATE TABLE MUSARK_STORAGE.ROOM (
  storage_node_id               NUMBER(20) NOT NULL,
  perimeter_security            INTEGER, -- DEFAULT 0 NOT NULL,
  theft_protection              INTEGER, -- DEFAULT 1 NOT NULL,
  fire_protection               INTEGER, -- DEFAULT 0 NOT NULL,
  water_damage_assessment       INTEGER, -- DEFAULT 0 NOT NULL,
  routines_and_contingency_plan INTEGER, -- DEFAULT 0 NOT NULL,
  relative_humidity             INTEGER, -- DEFAULT 0 NOT NULL,
  temperature_assessment        INTEGER, -- DEFAULT 0 NOT NULL,
  lighting_condition            INTEGER, -- DEFAULT 0 NOT NULL,
  preventive_conservation       INTEGER, -- DEFAULT 0 NOT NULL,
  PRIMARY KEY (storage_node_id),
  FOREIGN KEY (storage_node_id) REFERENCES MUSARK_STORAGE.STORAGE_NODE (storage_node_id)
);

CREATE TABLE MUSARK_STORAGE.BUILDING (
  storage_node_id NUMBER(20) NOT NULL,
  postal_address  VARCHAR(512),
  PRIMARY KEY (storage_node_id),
  FOREIGN KEY (storage_node_id) REFERENCES MUSARK_STORAGE.STORAGE_NODE (storage_node_id)
);

CREATE TABLE MUSARK_STORAGE.ORGANISATION (
  storage_node_id NUMBER(20) NOT NULL,
  postal_address  VARCHAR(512),
  org_as_actor_id NUMBER(20),
  org_as_actor_uuid VARCHAR2(36),
  PRIMARY KEY (storage_node_id),
  FOREIGN KEY (storage_node_id) REFERENCES MUSARK_STORAGE.STORAGE_NODE (storage_node_id)
);

-- ===========================================================================
-- The NEW event tables
-- ===========================================================================
CREATE SEQUENCE nevent_sequence
INCREMENT BY 1
START WITH 1
NOMAXVALUE
NOCYCLE
NOCACHE;

CREATE TABLE MUSARK_STORAGE.NEW_EVENT (
  event_id        NUMBER(20) DEFAULT nevent_sequence.nextval,
  type_id         VARCHAR2(36) NOT NULL,
  museum_id       INTEGER,
  event_date      TIMESTAMP    NOT NULL,
  registered_by   VARCHAR2(36) NOT NULL,
  registered_date TIMESTAMP    NOT NULL,
  part_of         NUMBER(20),
  affected_uuid   VARCHAR2(36),
  affected_type   VARCHAR2(50), -- collection | sample | node | ...
  note            VARCHAR2(500),
  event_json      CLOB,
  PRIMARY KEY (event_id)
);

CREATE TABLE MUSARK_STORAGE.NEW_LOCAL_OBJECT (
  object_uuid         VARCHAR2(36) NOT NULL,
  latest_move_id      NUMBER(20)   NOT NULL,
  current_location_id VARCHAR2(36) NOT NULL,
  museum_id           INTEGER      NOT NULL,
  object_type         VARCHAR(50) DEFAULT 'collection', -- possible values can be 'collection', or 'sample'
  PRIMARY KEY (object_uuid),
  FOREIGN KEY (latest_move_id) REFERENCES MUSARK_STORAGE.NEW_EVENT (event_id)
);

-- TODO: This table can be removed after migration is completed and
-- all API's have been updated to use the new backend code.
CREATE TABLE MUSARK_STORAGE.MIGRATED_EVENTS (
  old_event_id NUMBER(20) NOT NULL,
  PRIMARY KEY (old_event_id)
);

-- ===========================================================================
-- Event specific tables.
-- ===========================================================================

CREATE TABLE MUSARK_STORAGE.ROLE (
  role_id   INTEGER GENERATED BY DEFAULT AS IDENTITY,
  name      VARCHAR2(100) NOT NULL,
  data_type VARCHAR2(100),
  PRIMARY KEY (role_id)
);

CREATE TABLE MUSARK_STORAGE.EVENT_TYPE (
  event_type_id INTEGER GENERATED BY DEFAULT AS IDENTITY,
  name          VARCHAR(100) NOT NULL,
  PRIMARY KEY (event_type_ID)
);

-- The main table for storing events in the StorageFacility service.
CREATE TABLE MUSARK_STORAGE.EVENT (
  event_id        NUMBER(20) GENERATED BY DEFAULT AS IDENTITY,
  event_type_id   INTEGER                  NOT NULL, -- Move to separate table if we want to allow multiple instantiations
  note            VARCHAR2(500),
  event_date      TIMESTAMP WITH TIME ZONE NOT NULL, -- When the event happened. Should be nullable.
  registered_by   VARCHAR2(36)             NOT NULL,
  registered_date TIMESTAMP WITH TIME ZONE NOT NULL, -- When the event was received by the system
  value_long      NUMBER(20), -- Custom value, events can choose to store some event-specific value here. NOTE: 20 is probably waaaaaay to much.
  value_string    VARCHAR2(250), -- Custom value, events can choose to store some event-specific value here.
  value_float     FLOAT, -- Custom value, events can choose to store some event-specific value here.
  part_of         NUMBER(20), -- 1 to 1 with a top-level event
  PRIMARY KEY (event_id),
  FOREIGN KEY (event_type_id) REFERENCES MUSARK_STORAGE.EVENT_TYPE (event_type_id),
  FOREIGN KEY (part_of) REFERENCES MUSARK_STORAGE.EVENT (event_id)
);

-- ???
CREATE TABLE MUSARK_STORAGE.EVENT_RELATION_EVENT (
  from_event_id NUMBER(20) NOT NULL,
  relation_id   INTEGER    NOT NULL,
  to_event_id   NUMBER(20) NOT NULL,
  FOREIGN KEY (from_event_id) REFERENCES MUSARK_STORAGE.EVENT (event_id),
  FOREIGN KEY (to_event_id) REFERENCES MUSARK_STORAGE.EVENT (event_id)
);

CREATE TABLE MUSARK_STORAGE.LOCAL_OBJECT (
  object_id           NUMBER(20) NOT NULL,
  latest_move_id      NUMBER(20) NOT NULL,
  current_location_id NUMBER(20) NOT NULL,
  museum_id           INTEGER    NOT NULL,
  object_type         VARCHAR(50) DEFAULT 'collection', -- possible values can be 'collection', or 'sample'
  PRIMARY KEY (object_id),
  FOREIGN KEY (latest_move_id) REFERENCES MUSARK_STORAGE.EVENT (event_id),
  FOREIGN KEY (current_location_id) REFERENCES MUSARK_STORAGE.STORAGE_NODE (storage_node_id)
);

CREATE TABLE MUSARK_STORAGE.EVENT_ROLE_ACTOR (
  event_id   NUMBER(20)   NOT NULL,
  role_id    INTEGER      NOT NULL,
  actor_uuid VARCHAR2(36) NOT NULL, -- reference by Id to the ActorService
  PRIMARY KEY (event_id, role_id, actor_uuid),
  FOREIGN KEY (event_id) REFERENCES MUSARK_STORAGE.EVENT (event_id),
  FOREIGN KEY (role_id) REFERENCES MUSARK_STORAGE.ROLE (role_id)
);

CREATE TABLE MUSARK_STORAGE.EVENT_ROLE_OBJECT (
  event_id      NUMBER(20) NOT NULL,
  role_id       INTEGER    NOT NULL,
  object_id     NUMBER(20) NOT NULL,
  event_type_id NUMBER(20) NOT NULL,
  PRIMARY KEY (event_id, role_id, object_id),
  FOREIGN KEY (event_id) REFERENCES MUSARK_STORAGE.EVENT (event_id),
  FOREIGN KEY (role_id) REFERENCES MUSARK_STORAGE.ROLE (role_id),
  FOREIGN KEY (object_id) REFERENCES MUSARK_STORAGE.LOCAL_OBJECT (object_id)
);

-- This is the generic event-to-place relation, the place of where an event
-- happened, the place of where something was moved to etc.
CREATE TABLE MUSARK_STORAGE.EVENT_ROLE_PLACE (
  event_id      NUMBER(20) NOT NULL,
  role_id       INTEGER    NOT NULL,
  place_id      NUMBER(20) NOT NULL,
  event_type_id NUMBER(20) NOT NULL,
  PRIMARY KEY (event_id, role_id, place_id),
  FOREIGN KEY (event_id) REFERENCES MUSARK_STORAGE.EVENT (event_id),
  FOREIGN KEY (role_id) REFERENCES MUSARK_STORAGE.ROLE (role_id),
  FOREIGN KEY (place_id) REFERENCES MUSARK_STORAGE.STORAGE_NODE (storage_node_id)
);

-- For some event types, the "objects" really are places. Read it as
-- Event_Role_PlaceAsObject. This situation is stored in this table. We could
-- have used the EVENT_ROLE_OBJECT, but then we would loose foreign keys and
-- would have needed to tag which is which.
CREATE TABLE MUSARK_STORAGE.EVENT_ROLE_PLACE_AS_OBJECT (
  event_id      NUMBER(20) NOT NULL,
  role_id       INTEGER    NOT NULL,
  place_id      NUMBER(20) NOT NULL,
  event_type_id NUMBER(20) NOT NULL,
  PRIMARY KEY (event_id, role_id, place_id),
  FOREIGN KEY (event_id) REFERENCES MUSARK_STORAGE.EVENT (event_id),
  FOREIGN KEY (role_id) REFERENCES MUSARK_STORAGE.ROLE (role_id),
  FOREIGN KEY (place_id) REFERENCES MUSARK_STORAGE.STORAGE_NODE (storage_node_id)
);

-- ===========================================================================
-- Tables for Events with additional attributes. These do not fit into the
-- three columns set aside for the custom attributes in the EVENT table.
-- ===========================================================================

-- Contains data for Events that have a FROM -> TO structure.
CREATE TABLE MUSARK_STORAGE.OBSERVATION_FROM_TO (
  event_id   NUMBER(20) NOT NULL,
  value_from NUMBER,
  value_to   NUMBER,
  PRIMARY KEY (event_id),
  FOREIGN KEY (event_id) REFERENCES MUSARK_STORAGE.EVENT (event_id)
);

-- Contains extra data for storing environment requirement.
CREATE TABLE MUSARK_STORAGE.E_ENVIRONMENT_REQUIREMENT (
  event_id          NUMBER(20) NOT NULL,
  temperature       NUMBER,
  temp_tolerance    INTEGER,
  rel_humidity      NUMBER,
  rel_hum_tolerance INTEGER,
  hypoxic_air       NUMBER,
  hyp_air_tolerance INTEGER,
  cleaning          VARCHAR2(250),
  light             VARCHAR2(250),
  PRIMARY KEY (event_id),
  FOREIGN KEY (event_id) REFERENCES MUSARK_STORAGE.EVENT (event_id)
);

-- Contains extra data for storing info about a pest lifecycle. It is used by
-- the ObservationPest event which can have many of these.
CREATE TABLE MUSARK_STORAGE.OBSERVATION_PEST_LIFECYCLE (
  event_id NUMBER(20) NOT NULL,
  stage    VARCHAR2(250),
  quantity INTEGER,
  FOREIGN KEY (event_id) REFERENCES MUSARK_STORAGE.EVENT (event_id)
);

-- ===========================================================================
-- Pre-populating necessary data
-- ===========================================================================

INSERT INTO MUSARK_STORAGE.EVENT_TYPE (event_type_id, name) VALUES (1, 'MoveObject');
INSERT INTO MUSARK_STORAGE.EVENT_TYPE (event_type_id, name) VALUES (2, 'MovePlace');
INSERT INTO MUSARK_STORAGE.EVENT_TYPE (event_type_id, name) VALUES (3, 'EnvRequirement');
INSERT INTO MUSARK_STORAGE.EVENT_TYPE (event_type_id, name) VALUES (4, 'Control');
INSERT INTO MUSARK_STORAGE.EVENT_TYPE (event_type_id, name) VALUES (5, 'Observation');

INSERT INTO MUSARK_STORAGE.EVENT_TYPE (event_type_id, name) VALUES (6, 'ControlAlcohol');
INSERT INTO MUSARK_STORAGE.EVENT_TYPE (event_type_id, name) VALUES (7, 'ControlCleaning');
INSERT INTO MUSARK_STORAGE.EVENT_TYPE (event_type_id, name) VALUES (8, 'ControlGas');
INSERT INTO MUSARK_STORAGE.EVENT_TYPE (event_type_id, name) VALUES (9, 'ControlHypoxicAir');
INSERT INTO MUSARK_STORAGE.EVENT_TYPE (event_type_id, name) VALUES (10, 'ControlLightingCondition');
INSERT INTO MUSARK_STORAGE.EVENT_TYPE (event_type_id, name) VALUES (11, 'ControlMold');
INSERT INTO MUSARK_STORAGE.EVENT_TYPE (event_type_id, name) VALUES (12, 'ControlPest');
INSERT INTO MUSARK_STORAGE.EVENT_TYPE (event_type_id, name) VALUES (13, 'ControlRelativeHumidity');
INSERT INTO MUSARK_STORAGE.EVENT_TYPE (event_type_id, name) VALUES (14, 'ControlTemperature');

INSERT INTO MUSARK_STORAGE.EVENT_TYPE (event_type_id, name) VALUES (15, 'ObservationAlcohol');
INSERT INTO MUSARK_STORAGE.EVENT_TYPE (event_type_id, name) VALUES (16, 'ObservationCleaning');
INSERT INTO MUSARK_STORAGE.EVENT_TYPE (event_type_id, name) VALUES (17, 'ObservationFireProtection');
INSERT INTO MUSARK_STORAGE.EVENT_TYPE (event_type_id, name) VALUES (18, 'ObservationGas');
INSERT INTO MUSARK_STORAGE.EVENT_TYPE (event_type_id, name) VALUES (19, 'ObservationHypoxicAir');
INSERT INTO MUSARK_STORAGE.EVENT_TYPE (event_type_id, name) VALUES (20, 'ObservationLightingCondition');
INSERT INTO MUSARK_STORAGE.EVENT_TYPE (event_type_id, name) VALUES (21, 'ObservationMold');
INSERT INTO MUSARK_STORAGE.EVENT_TYPE (event_type_id, name) VALUES (22, 'ObservationPerimeterSecurity');
INSERT INTO MUSARK_STORAGE.EVENT_TYPE (event_type_id, name) VALUES (23, 'ObservationRelativeHumidity');
INSERT INTO MUSARK_STORAGE.EVENT_TYPE (event_type_id, name) VALUES (24, 'ObservationPest');
INSERT INTO MUSARK_STORAGE.EVENT_TYPE (event_type_id, name) VALUES (25, 'ObservationTemperature');
INSERT INTO MUSARK_STORAGE.EVENT_TYPE (event_type_id, name) VALUES (26, 'ObservationTheftProtection');
INSERT INTO MUSARK_STORAGE.EVENT_TYPE (event_type_id, name) VALUES (27, 'ObservationWaterDamageAssessment');

INSERT INTO MUSARK_STORAGE.ROLE (role_id, name, data_type) VALUES (1, 'DoneWith', 'object');
INSERT INTO MUSARK_STORAGE.ROLE (role_id, name, data_type) VALUES (2, 'DoneBy', 'actor');
INSERT INTO MUSARK_STORAGE.ROLE (role_id, name, data_type) VALUES (3, 'toPlace', 'storageNode');
INSERT INTO MUSARK_STORAGE.ROLE (role_id, name, data_type) VALUES (4, 'fromPlace', 'storageNode');

--------------------------------------------------------------------------------
-- ANALYSIS MODULE
--------------------------------------------------------------------------------
CREATE SCHEMA IF NOT EXISTS MUSARK_ANALYSIS;

CREATE SEQUENCE MUSARK_ANALYSIS.sample_object_sample_num_seq
INCREMENT BY 1
START WITH 1
NOMAXVALUE
NOCYCLE
NOCACHE;


CREATE TABLE MUSARK_ANALYSIS.SAMPLE_OBJECT (
  sample_uuid            VARCHAR2(36)             NOT NULL,
  parent_object_uuid     VARCHAR2(36),
  parent_object_type     VARCHAR(50),
  is_extracted           INTEGER DEFAULT 0        NOT NULL,
  museum_id              INTEGER                  NOT NULL,
  status                 INTEGER DEFAULT 1        NOT NULL,
  responsible_actor      VARCHAR2(512),
  done_by                VARCHAR2(36),
  done_date              TIMESTAMP WITH TIME ZONE,
  sample_id              VARCHAR2(100),
  sample_num             INTEGER DEFAULT MUSARK_ANALYSIS.sample_object_sample_num_seq.nextval,
  external_id            VARCHAR2(100),
  external_id_source     VARCHAR2(100),
  sample_type_id         INTEGER                  NOT NULL,
  sample_size            NUMBER,
  sample_size_unit       VARCHAR2(10),
  sample_container       VARCHAR2(100),
  storage_medium         VARCHAR2(100),
  treatment              VARCHAR2(100),
  leftover_sample        INTEGER DEFAULT 1        NOT NULL,
  description            VARCHAR2(250),
  note                   VARCHAR2(250),
  originated_object_uuid VARCHAR2(36)             NOT NULL,
  registered_by          VARCHAR2(36)             NOT NULL,
  registered_date        TIMESTAMP WITH TIME ZONE NOT NULL,
  updated_by             VARCHAR2(36),
  updated_date           TIMESTAMP WITH TIME ZONE,
  is_deleted             INTEGER DEFAULT 0        NOT NULL,
  PRIMARY KEY (sample_uuid)
);

CREATE TABLE MUSARK_ANALYSIS.SAMPLE_TYPE (
  sampletype_id    NUMBER(20) GENERATED BY DEFAULT AS IDENTITY,
  no_sampletype    VARCHAR2(100) NOT NULL,
  en_sampletype    VARCHAR2(100) NOT NULL,
  no_samplesubtype VARCHAR2(100),
  en_samplesubtype VARCHAR2(100),
  PRIMARY KEY (sampletype_id)
);

CREATE SEQUENCE MUSARK_ANALYSIS.event_type_type_id_seq
INCREMENT BY 1
START WITH 1
NOMAXVALUE
NOCYCLE
NOCACHE;

CREATE TABLE MUSARK_ANALYSIS.EVENT_TYPE (
  type_id     INTEGER DEFAULT MUSARK_ANALYSIS.event_type_type_id_seq.nextval,
  category                     INTEGER       NOT NULL,
  no_name                      VARCHAR2(100) NOT NULL,
  en_name                      VARCHAR2(100) NOT NULL,
  short_name                   VARCHAR2(50),
  collections                  VARCHAR2(500), -- if empty then all collections, else value is ',uuid_1,uuid_2,uuid_9,'     LIKE '%,uuid_2,%'
  extra_description_type       VARCHAR2(50),
  extra_description_attributes CLOB,
  extra_result_attributes      CLOB,
  PRIMARY KEY (type_id)
);

CREATE TABLE MUSARK_ANALYSIS.EVENT (
  event_id        NUMBER(20) GENERATED BY DEFAULT AS IDENTITY,
  type_id         INTEGER                  NOT NULL,
  museum_id       INTEGER                  NOT NULL,
  done_by         VARCHAR2(512),
  done_date       TIMESTAMP WITH TIME ZONE,
  registered_by   VARCHAR2(36)             NOT NULL,
  registered_date TIMESTAMP WITH TIME ZONE NOT NULL,
  part_of         NUMBER(20),
  object_uuid     VARCHAR2(36),
  note            VARCHAR2(500),
  status          INTEGER,
  case_numbers    VARCHAR2(1000),
  event_json      CLOB,
  PRIMARY KEY (event_id),
  CONSTRAINT ensure_event_json CHECK (event_json IS JSON)
  );

CREATE TABLE MUSARK_ANALYSIS.RESULT (
  event_id        NUMBER(20)               NOT NULL,
  museum_id       INTEGER                  NOT NULL,
  registered_by   VARCHAR2(36)             NOT NULL,
  registered_date TIMESTAMP WITH TIME ZONE NOT NULL,
  result_json     CLOB,
  PRIMARY KEY (event_id),
  FOREIGN KEY (event_id) REFERENCES MUSARK_ANALYSIS.EVENT (event_id),
  CONSTRAINT ensure_result_json CHECK (result_json IS JSON)
  );

CREATE TABLE MUSARK_ANALYSIS.TREATMENT (
  treatment_id NUMBER(20) GENERATED BY DEFAULT AS IDENTITY,
  no_treatment VARCHAR2(100) NOT NULL,
  en_treatment VARCHAR2(100) NOT NULL,
  PRIMARY KEY (treatment_id)
);

CREATE TABLE MUSARK_ANALYSIS.STORAGEMEDIUM (
  storagemedium_id NUMBER(20) GENERATED BY DEFAULT AS IDENTITY,
  no_storagemedium VARCHAR2(100) NOT NULL,
  en_storagemedium VARCHAR2(100) NOT NULL,
  PRIMARY KEY (storagemedium_id)
);

CREATE TABLE MUSARK_ANALYSIS.STORAGECONTAINER (
  storagecontainer_id NUMBER(20) GENERATED BY DEFAULT AS IDENTITY,
  no_storagecontainer VARCHAR2(100) NOT NULL,
  en_storagecontainer VARCHAR2(100) NOT NULL,
  PRIMARY KEY (storagecontainer_id)
);

-- INSERTING EVENT TYPES / ANALYSIS TYPES
INSERT INTO MUSARK_ANALYSIS.EVENT_TYPE (category, short_name, extra_description_type, extra_description_attributes, extra_result_attributes, no_name, en_name) VALUES (11, 'HPLC', NULL, NULL, NULL, 'Væskekromatografi', 'High performance liquid chromatography');
INSERT INTO MUSARK_ANALYSIS.EVENT_TYPE (category, short_name, extra_description_type, extra_description_attributes, extra_result_attributes, no_name, en_name) VALUES (11, NULL, NULL, NULL, NULL, 'Fargereaksjon', 'Spot test');
INSERT INTO MUSARK_ANALYSIS.EVENT_TYPE (category, short_name, extra_description_type, extra_description_attributes, extra_result_attributes, no_name, en_name) VALUES (11, NULL, NULL, NULL, NULL, 'UV-lys', 'UV-light');
INSERT INTO MUSARK_ANALYSIS.EVENT_TYPE (category, short_name, extra_description_type, extra_description_attributes, extra_result_attributes, no_name, en_name) VALUES (11, 'TLC', NULL, NULL, NULL, 'Tynnsjiktkromatografi', 'Thin Layer Chromotography');
INSERT INTO MUSARK_ANALYSIS.EVENT_TYPE (category, short_name, extra_description_type, extra_description_attributes, extra_result_attributes, no_name, en_name) VALUES (5, NULL, 'MicroscopyAttributes', '{"method":"Int"}', NULL, 'Mikroskopi', 'Microscopy');
INSERT INTO MUSARK_ANALYSIS.EVENT_TYPE (category, short_name, extra_description_type, extra_description_attributes, extra_result_attributes, no_name, en_name) VALUES (5, NULL, NULL, NULL, NULL, 'Røntgenfotografering', 'Radiography');
INSERT INTO MUSARK_ANALYSIS.EVENT_TYPE (category, short_name, extra_description_type, extra_description_attributes, extra_result_attributes, no_name, en_name) VALUES (5, NULL, 'TomographyAttributes', '{"method":"Int"}', NULL, 'Tomografi', 'Tomography');
INSERT INTO MUSARK_ANALYSIS.EVENT_TYPE (category, short_name, extra_description_type, extra_description_attributes, extra_result_attributes, no_name, en_name) VALUES (5, 'UV', NULL, NULL, NULL, 'Ultrafiolett fluorisering', 'Ultraviolet fluorescence');
INSERT INTO MUSARK_ANALYSIS.EVENT_TYPE (category, short_name, extra_description_type, extra_description_attributes, extra_result_attributes, no_name, en_name) VALUES (3, 'C14', NULL, NULL, '{"ageEstimate":"String","standardDeviation":"String"}', 'Radiokarbondatering', 'Radiocarbon dating');
INSERT INTO MUSARK_ANALYSIS.EVENT_TYPE (category, short_name, extra_description_type, extra_description_attributes, extra_result_attributes, no_name, en_name) VALUES (3, 'Dendro', NULL, NULL, '{"age":"String"}', 'Dendrokronologi', 'Dendrochronology');
INSERT INTO MUSARK_ANALYSIS.EVENT_TYPE (category, short_name, extra_description_type, extra_description_attributes, extra_result_attributes, no_name, en_name) VALUES (3, 'TL/OSL', NULL, NULL, '{"age":"String"}', 'Termoluminesens datering', 'Thermoluminescence/Optical stimulated luminescence');
INSERT INTO MUSARK_ANALYSIS.EVENT_TYPE (category, short_name, extra_description_type, extra_description_attributes, extra_result_attributes, no_name, en_name) VALUES (2, NULL, NULL, NULL, NULL, 'Kolorimetri', 'Colorimetry');
INSERT INTO MUSARK_ANALYSIS.EVENT_TYPE (category, short_name, extra_description_type, extra_description_attributes, extra_result_attributes, no_name, en_name) VALUES (2, NULL, NULL, NULL, NULL, 'Spektrofotometri', 'Spectrophotometry');
INSERT INTO MUSARK_ANALYSIS.EVENT_TYPE (category, short_name, extra_description_type, extra_description_attributes, extra_result_attributes, no_name, en_name) VALUES (4, 'DNA', NULL, NULL, NULL, 'DNA-analyse (kulturhistorisk)', 'DNA analysis (cultural history)');
INSERT INTO MUSARK_ANALYSIS.EVENT_TYPE (category, short_name, extra_description_type, extra_description_attributes, extra_result_attributes, no_name, en_name) VALUES (4, NULL, NULL, NULL, NULL, 'Strekkoding', 'Barcoding');
INSERT INTO MUSARK_ANALYSIS.EVENT_TYPE (category, short_name, extra_description_type, extra_description_attributes, extra_result_attributes, no_name, en_name) VALUES (4, NULL, 'ExtractionAttributes', '{"extractionType":"String","method":"String"}', '{"storageMedium":"String","concentration":"Size","volume":"String"}', 'Ekstraksjon (DNA, RNA, ...)', 'Extraction (DNA, RNA, ..)');
INSERT INTO MUSARK_ANALYSIS.EVENT_TYPE (category, short_name, extra_description_type, extra_description_attributes, extra_result_attributes, no_name, en_name) VALUES (4, NULL, NULL, NULL, NULL, 'Mikrosatellitter', 'Microsatellites');
INSERT INTO MUSARK_ANALYSIS.EVENT_TYPE (category, short_name, extra_description_type, extra_description_attributes, extra_result_attributes, no_name, en_name) VALUES (4, 'NGS', NULL, NULL, NULL, 'NGS-sekvensering', 'NGS sequencing');
INSERT INTO MUSARK_ANALYSIS.EVENT_TYPE (category, short_name, extra_description_type, extra_description_attributes, extra_result_attributes, no_name, en_name) VALUES (4, NULL, NULL, NULL, NULL, 'Sanger-sekvensering', 'Sanger sequensing');
INSERT INTO MUSARK_ANALYSIS.EVENT_TYPE (category, short_name, extra_description_type, extra_description_attributes, extra_result_attributes, no_name, en_name) VALUES (1, 'GC-MS', NULL, NULL, NULL, 'Gasskromatografi-massespektrometri', 'Gas Chromatography - Mass Spectrometry');
INSERT INTO MUSARK_ANALYSIS.EVENT_TYPE (category, short_name, extra_description_type, extra_description_attributes, extra_result_attributes, no_name, en_name) VALUES (1, 'XRF', NULL, NULL, NULL, 'Røntgenfluorescensspektroskopi', 'X-ray fluorescence');
INSERT INTO MUSARK_ANALYSIS.EVENT_TYPE (category, short_name, extra_description_type, extra_description_attributes, extra_result_attributes, no_name, en_name) VALUES (1, 'MS', NULL, NULL, NULL, 'Massespektrometri', 'Mass spectrometry');
INSERT INTO MUSARK_ANALYSIS.EVENT_TYPE (category, short_name, extra_description_type, extra_description_attributes, extra_result_attributes, no_name, en_name) VALUES (1, 'SEM-EDX/EDS', NULL, NULL, NULL, 'Skanning elektron mikroskopi-Energidispersiv røntgenspektroskopi', 'Scanning electron microscopy - Energy-dispersive X-ray spectroscopy');
INSERT INTO MUSARK_ANALYSIS.EVENT_TYPE (category, short_name, extra_description_type, extra_description_attributes, extra_result_attributes, no_name, en_name) VALUES (1, 'FTIR', NULL, NULL, NULL, 'Fouriertransform infrarød spektroskopi', 'Fourier transform infrared spectroscopy');
INSERT INTO MUSARK_ANALYSIS.EVENT_TYPE (category, short_name, extra_description_type, extra_description_attributes, extra_result_attributes, no_name, en_name) VALUES (1, 'ISE-Cl', NULL, NULL, NULL, 'Ioneselektiv elektrode, klorid', 'Ion-selective electrode, chloride');
INSERT INTO MUSARK_ANALYSIS.EVENT_TYPE (category, short_name, extra_description_type, extra_description_attributes, extra_result_attributes, no_name, en_name) VALUES (1, 'ISE-H', NULL, NULL, NULL, 'Ioneselektiv elektrode, pH', 'Ion-selective electrode, pH');
INSERT INTO MUSARK_ANALYSIS.EVENT_TYPE (category, short_name, extra_description_type, extra_description_attributes, extra_result_attributes, no_name, en_name) VALUES (1, 'Py-GC/MS', NULL, NULL, NULL, 'Pyrolyse gasskromatografi-massespektrometri', 'Pyrolysis-gas chromatography/mass spectrometry');
INSERT INTO MUSARK_ANALYSIS.EVENT_TYPE (category, short_name, extra_description_type, extra_description_attributes, extra_result_attributes, no_name, en_name) VALUES (1, 'Raman', NULL, NULL, NULL, 'Raman-spektroskopi', 'Raman spectroscopy');
INSERT INTO MUSARK_ANALYSIS.EVENT_TYPE (category, short_name, extra_description_type, extra_description_attributes, extra_result_attributes, no_name, en_name) VALUES (1, 'XRD', NULL, NULL, NULL, 'Røntgendiffraksjon', 'X-ray diffraction');
INSERT INTO MUSARK_ANALYSIS.EVENT_TYPE (category, short_name, extra_description_type, extra_description_attributes, extra_result_attributes, no_name, en_name) VALUES (1, 'HPLC', NULL, NULL, NULL, 'Væskekromatografi', 'High performance liquid chromatography');
INSERT INTO MUSARK_ANALYSIS.EVENT_TYPE (category, short_name, extra_description_type, extra_description_attributes, extra_result_attributes, no_name, en_name) VALUES (1, NULL, 'IsotopeAttributes', '{"types":"Array[Int]"}', NULL, 'Isotopanalyse', 'Isotope analysis');
INSERT INTO MUSARK_ANALYSIS.EVENT_TYPE (category, short_name, extra_description_type, extra_description_attributes, extra_result_attributes, no_name, en_name) VALUES (1, 'NMR', NULL, NULL, NULL, 'Nuclear magnetic resonance spectroscopy', 'Nuclear magnetic resonance spectroscopy');
INSERT INTO MUSARK_ANALYSIS.EVENT_TYPE (category, short_name, extra_description_type, extra_description_attributes, extra_result_attributes, no_name, en_name) VALUES (1, NULL, NULL, NULL, NULL, 'Fettsyreanalyse', 'Lipids');
INSERT INTO MUSARK_ANALYSIS.EVENT_TYPE (category, short_name, extra_description_type, extra_description_attributes, extra_result_attributes, no_name, en_name) VALUES (1, 'XANES', NULL, NULL, NULL, 'X-ray Absorption Near Edge Structure', 'X-ray absorption near edge structure');
INSERT INTO MUSARK_ANALYSIS.EVENT_TYPE (category, short_name, extra_description_type, extra_description_attributes, extra_result_attributes, no_name, en_name) VALUES (1, 'ICP', 'ElementalICPAttributes', '{"method":"Int"}', NULL, 'Grunnstoffanalyse (ICP: Inductively coupled plasma analyses with different types of detectors)', 'Elemental analysis (ICP: Inductively coupled plasma analyses with different types of detectors)');
INSERT INTO MUSARK_ANALYSIS.EVENT_TYPE (category, short_name, extra_description_type, extra_description_attributes, extra_result_attributes, no_name, en_name) VALUES (1, 'AAS', 'ElementalAASAttributes', '{"method":"Int"}', NULL, 'Grunnstoffanalyse (AAS: atomabsorbsjonspektroskopi)', 'Elemental analysis (AAS: atomabsorbsjonspektroskopi)');
INSERT INTO MUSARK_ANALYSIS.EVENT_TYPE (category, short_name, extra_description_type, extra_description_attributes, extra_result_attributes, no_name, en_name) VALUES (1, 'AFS', NULL, NULL, NULL, 'Grunnstoffanalyse (AFS)', 'Elemental analysis (AFS)');
INSERT INTO MUSARK_ANALYSIS.EVENT_TYPE (category, short_name, extra_description_type, extra_description_attributes, extra_result_attributes, no_name, en_name) VALUES (6, NULL, NULL, NULL, NULL, 'Plantemateriale, makro (forkullet/uforkullet)', 'Plant material (charred/not charred)');
INSERT INTO MUSARK_ANALYSIS.EVENT_TYPE (category, short_name, extra_description_type, extra_description_attributes, extra_result_attributes, no_name, en_name) VALUES (7, 'P+S', NULL, NULL, NULL, 'Pollen og sporer', 'Pollen and spores');
INSERT INTO MUSARK_ANALYSIS.EVENT_TYPE (category, short_name, extra_description_type, extra_description_attributes, extra_result_attributes, no_name, en_name) VALUES (8, NULL, NULL, NULL, '{"measurementType":"String","size":"Size","precision":"String","method":"String"}', 'Målinger & tellinger', 'Counts & measurements');
INSERT INTO MUSARK_ANALYSIS.EVENT_TYPE (category, short_name, extra_description_type, extra_description_attributes, extra_result_attributes, no_name, en_name) VALUES (9, NULL, NULL, NULL, NULL, 'Skjelettanalyse, dyrebein', 'Osteology, non-human');
INSERT INTO MUSARK_ANALYSIS.EVENT_TYPE (category, short_name, extra_description_type, extra_description_attributes, extra_result_attributes, no_name, en_name) VALUES (9, NULL, NULL, NULL, NULL, 'Skjelettanalyse, menneske', 'Osteology, human');
INSERT INTO MUSARK_ANALYSIS.EVENT_TYPE (category, short_name, extra_description_type, extra_description_attributes, extra_result_attributes, no_name, en_name) VALUES (10, 'Cit-P', NULL, NULL, NULL, 'Fosfat', 'Phosphate determination');
INSERT INTO MUSARK_ANALYSIS.EVENT_TYPE (category, short_name, extra_description_type, extra_description_attributes, extra_result_attributes, no_name, en_name) VALUES (10, NULL, NULL, NULL, NULL, 'Jordmikromorfologi', 'Soil micromorphology');
INSERT INTO MUSARK_ANALYSIS.EVENT_TYPE (category, short_name, extra_description_type, extra_description_attributes, extra_result_attributes, no_name, en_name) VALUES (12, NULL, NULL, NULL, NULL, 'Tekstil- og fiberanalyse', 'Textile and fibre analysis');
INSERT INTO MUSARK_ANALYSIS.EVENT_TYPE (category, short_name, extra_description_type, extra_description_attributes, extra_result_attributes, no_name, en_name) VALUES (13, NULL, NULL, NULL, NULL, 'Vedanatomi (forkullet/uforkullet)', 'Wood anatomy (charred/uncharred)');

--- INSERTING TREATMENTS
INSERT INTO MUSARK_ANALYSIS.TREATMENT(treatment_id, no_treatment,en_treatment) VALUES(1,'CTAB','CTAB');
INSERT INTO MUSARK_ANALYSIS.TREATMENT(treatment_id, no_treatment,en_treatment) VALUES(2,'DNAdvance Beckman Coulter','Advance Beckman Coulter');
INSERT INTO MUSARK_ANALYSIS.TREATMENT(treatment_id, no_treatment,en_treatment) VALUES(3,'EZNA plant kit','EZNA plant kit');
INSERT INTO MUSARK_ANALYSIS.TREATMENT(treatment_id, no_treatment,en_treatment) VALUES(4,'Hot shot','Hot shot');
INSERT INTO MUSARK_ANALYSIS.TREATMENT(treatment_id, no_treatment,en_treatment) VALUES(5,'Mole robot','Mole robot');
INSERT INTO MUSARK_ANALYSIS.TREATMENT(treatment_id, no_treatment,en_treatment) VALUES(6,'Omega EZNA blood and tissue kit','Omega EZNA blood and tissue kit');
INSERT INTO MUSARK_ANALYSIS.TREATMENT(treatment_id, no_treatment,en_treatment) VALUES(7,'Omega EZNA blood kit',' Omega EZNA blood kit');
INSERT INTO MUSARK_ANALYSIS.TREATMENT(treatment_id, no_treatment,en_treatment) VALUES(8,'Omega EZNA plant kit',' Omega EZNA plant kit');
INSERT INTO MUSARK_ANALYSIS.TREATMENT(treatment_id, no_treatment,en_treatment) VALUES(9,'Omega EZNA tissue kit','Omega EZNA tissue kit');
INSERT INTO MUSARK_ANALYSIS.TREATMENT(treatment_id, no_treatment,en_treatment) VALUES(10,'Phenol-Chloroform','Phenol-Chloroform');
INSERT INTO MUSARK_ANALYSIS.TREATMENT(treatment_id, no_treatment,en_treatment) VALUES(11,'Qiagen blood and tissue kit','Qiagen blood and tissue kit');
INSERT INTO MUSARK_ANALYSIS.TREATMENT(treatment_id, no_treatment,en_treatment) VALUES(12,'Qiagen blood kit','Qiagen blood kit');
INSERT INTO MUSARK_ANALYSIS.TREATMENT(treatment_id, no_treatment,en_treatment) VALUES(13,'Qiagen plant kit','Qiagen plant kit');
INSERT INTO MUSARK_ANALYSIS.TREATMENT(treatment_id, no_treatment,en_treatment) VALUES(14,'Qiagen tissue kit','Qiagen tissue kit');
INSERT INTO MUSARK_ANALYSIS.TREATMENT(treatment_id, no_treatment,en_treatment) VALUES(15,'Quick extract','Quick extract');
INSERT INTO MUSARK_ANALYSIS.TREATMENT(treatment_id, no_treatment,en_treatment) VALUES(16,'WGA (GenomiPhi)','WGA (GenomiPhi)');
INSERT INTO MUSARK_ANALYSIS.TREATMENT(treatment_id, no_treatment,en_treatment) VALUES(17,'Spectrum plant toal RNA kit',' Spectrum plant toal RNA kit');
INSERT INTO MUSARK_ANALYSIS.TREATMENT(treatment_id, no_treatment,en_treatment) VALUES(18,'Drilling','Drilling');
INSERT INTO MUSARK_ANALYSIS.TREATMENT(treatment_id, no_treatment,en_treatment) VALUES(19,'Ekstrahering','Extraction');
INSERT INTO MUSARK_ANALYSIS.TREATMENT(treatment_id, no_treatment,en_treatment) VALUES(20,'Fjernet ved bruk av skalpell','Removed using scalpel');
INSERT INTO MUSARK_ANALYSIS.TREATMENT(treatment_id, no_treatment,en_treatment) VALUES(21,'Løse fragment(er)','Loose fragment(s)');
INSERT INTO MUSARK_ANALYSIS.TREATMENT(treatment_id, no_treatment,en_treatment) VALUES(22,'Skjæring/kutting','Cutting');
INSERT INTO MUSARK_ANALYSIS.TREATMENT(treatment_id, no_treatment,en_treatment) VALUES(23,'Skraping','Scraping');
INSERT INTO MUSARK_ANALYSIS.TREATMENT(treatment_id, no_treatment,en_treatment) VALUES(24,'Saging','Sawing');

-- INSERTING STORAGE CONTAINERS
INSERT INTO MUSARK_ANALYSIS.STORAGECONTAINER(storagecontainer_id, no_storagecontainer,en_storagecontainer) VALUES(1, 'Eppendorfrør','Eppendorf tube');
INSERT INTO MUSARK_ANALYSIS.STORAGECONTAINER(storagecontainer_id, no_storagecontainer,en_storagecontainer) VALUES(2, 'Kryorør','Cryo tube');
INSERT INTO MUSARK_ANALYSIS.STORAGECONTAINER(storagecontainer_id, no_storagecontainer,en_storagecontainer) VALUES(3, 'Lynlåspose','Ziplock bag');
INSERT INTO MUSARK_ANALYSIS.STORAGECONTAINER(storagecontainer_id, no_storagecontainer,en_storagecontainer) VALUES(4, 'Lynlåspose, plast (LDPE)','Self-sealing bags, plastic (LDPE)');
INSERT INTO MUSARK_ANALYSIS.STORAGECONTAINER(storagecontainer_id, no_storagecontainer,en_storagecontainer) VALUES(5, 'Mikrofilterplate','Microfilter plate');
INSERT INTO MUSARK_ANALYSIS.STORAGECONTAINER(storagecontainer_id, no_storagecontainer,en_storagecontainer) VALUES(6, 'Mikrosentrifugerør','Microcentrifuge tube');
INSERT INTO MUSARK_ANALYSIS.STORAGECONTAINER(storagecontainer_id, no_storagecontainer,en_storagecontainer) VALUES(7, 'Papirpose','Paper bag');
INSERT INTO MUSARK_ANALYSIS.STORAGECONTAINER(storagecontainer_id, no_storagecontainer,en_storagecontainer) VALUES(8, 'PCR-rør','PCR tube');
INSERT INTO MUSARK_ANALYSIS.STORAGECONTAINER(storagecontainer_id, no_storagecontainer,en_storagecontainer) VALUES(9,'Større plastbeholder m skrulokk','Larger plastic container with screw lid');
INSERT INTO MUSARK_ANALYSIS.STORAGECONTAINER(storagecontainer_id, no_storagecontainer,en_storagecontainer) VALUES(10,'Større glassbeholder m skrulokk','Larger glas container with screw lid');
INSERT INTO MUSARK_ANALYSIS.STORAGECONTAINER(storagecontainer_id, no_storagecontainer,en_storagecontainer) VALUES(11,'Plastrør 0,5 mL','Plastic tube 0.2 ml');
INSERT INTO MUSARK_ANALYSIS.STORAGECONTAINER(storagecontainer_id, no_storagecontainer,en_storagecontainer) VALUES(12,'Plastrør 0,5 mL','Plastic tube 0.5 ml');
INSERT INTO MUSARK_ANALYSIS.STORAGECONTAINER(storagecontainer_id, no_storagecontainer,en_storagecontainer) VALUES(13,'Plastrør 1,5 mL','Plastic tube 1.5 ml');
INSERT INTO MUSARK_ANALYSIS.STORAGECONTAINER(storagecontainer_id, no_storagecontainer,en_storagecontainer) VALUES(14,'Plastrør 2,0 mL','Plastic tube 2.0 ml');
INSERT INTO MUSARK_ANALYSIS.STORAGECONTAINER(storagecontainer_id, no_storagecontainer,en_storagecontainer) VALUES(15,'Plastrør 8,0 mL','Plastic tube 8.0 ml');
INSERT INTO MUSARK_ANALYSIS.STORAGECONTAINER(storagecontainer_id, no_storagecontainer,en_storagecontainer) VALUES(16,'Plastrør 15 mL','Plastic tube 15 ml');
INSERT INTO MUSARK_ANALYSIS.STORAGECONTAINER(storagecontainer_id, no_storagecontainer,en_storagecontainer) VALUES(17,'Plastrør 50 mL','Plastic tube 50 ml');
INSERT INTO MUSARK_ANALYSIS.STORAGECONTAINER(storagecontainer_id, no_storagecontainer,en_storagecontainer) VALUES(18,'Plate 96 brønner','Plate 96 wells');
INSERT INTO MUSARK_ANALYSIS.STORAGECONTAINER(storagecontainer_id, no_storagecontainer,en_storagecontainer) VALUES(19,'Syrefri pappeske','Acid free cardboard box');
INSERT INTO MUSARK_ANALYSIS.STORAGECONTAINER(storagecontainer_id, no_storagecontainer,en_storagecontainer) VALUES(20,'Syrefritt silkepapir','Acid free tissue');
INSERT INTO MUSARK_ANALYSIS.STORAGECONTAINER(storagecontainer_id, no_storagecontainer,en_storagecontainer) VALUES(21,'Pappeske, ikke arkivstandard','Cardboard box, not archival standard');
INSERT INTO MUSARK_ANALYSIS.STORAGECONTAINER(storagecontainer_id, no_storagecontainer,en_storagecontainer) VALUES(22,'Polyetylen skum (Ethafoam/Plastazote)','Polyethylene Foam (Ethafoam/Plastazote)');
INSERT INTO MUSARK_ANALYSIS.STORAGECONTAINER(storagecontainer_id, no_storagecontainer,en_storagecontainer) VALUES(23,'Polystyren eske','Polystyrene box');
INSERT INTO MUSARK_ANALYSIS.STORAGECONTAINER(storagecontainer_id, no_storagecontainer,en_storagecontainer) VALUES(24,'Reagensglass','Locked test tubes');
INSERT INTO MUSARK_ANALYSIS.STORAGECONTAINER(storagecontainer_id, no_storagecontainer,en_storagecontainer) VALUES(25,'Prøvekube','Small locked test tubes');
INSERT INTO MUSARK_ANALYSIS.STORAGECONTAINER(storagecontainer_id, no_storagecontainer,en_storagecontainer) VALUES(26,'PVC-rør','PVC-tube');
INSERT INTO MUSARK_ANALYSIS.STORAGECONTAINER(storagecontainer_id, no_storagecontainer,en_storagecontainer) VALUES(27,'Kasseprøve','Wooden box');
INSERT INTO MUSARK_ANALYSIS.STORAGECONTAINER(storagecontainer_id, no_storagecontainer,en_storagecontainer) VALUES(28,'Plastboks (5 L)','Box (plastic) 5 L');
INSERT INTO MUSARK_ANALYSIS.STORAGECONTAINER(storagecontainer_id, no_storagecontainer,en_storagecontainer) VALUES(29,'Isbiter boks','Ice-cube box');
INSERT INTO MUSARK_ANALYSIS.STORAGECONTAINER(storagecontainer_id, no_storagecontainer,en_storagecontainer) VALUES(30,'Preparateske for slides','Slidebox');

-- INSERTING STORAGE MEDIUMS
INSERT INTO MUSARK_ANALYSIS.STORAGEMEDIUM(storagemedium_id, no_storagemedium,en_storagemedium) VALUES(1 ,'Lagringsmedium','Storage medium');
INSERT INTO MUSARK_ANALYSIS.STORAGEMEDIUM(storagemedium_id, no_storagemedium,en_storagemedium) VALUES(2 ,'Buffer EDTA','Buffer EDTA');
INSERT INTO MUSARK_ANALYSIS.STORAGEMEDIUM(storagemedium_id, no_storagemedium,en_storagemedium) VALUES(3 ,'Buffer TE ','Buffer TE');
INSERT INTO MUSARK_ANALYSIS.STORAGEMEDIUM(storagemedium_id, no_storagemedium,en_storagemedium) VALUES(4 ,'Buffer uspesifisert','Buffer (Unspecified)');
INSERT INTO MUSARK_ANALYSIS.STORAGEMEDIUM(storagemedium_id, no_storagemedium,en_storagemedium) VALUES(5 ,'Destillert vann','Distilled water');
INSERT INTO MUSARK_ANALYSIS.STORAGEMEDIUM(storagemedium_id, no_storagemedium,en_storagemedium) VALUES(6 ,'DMSO','DMSO');
INSERT INTO MUSARK_ANALYSIS.STORAGEMEDIUM(storagemedium_id, no_storagemedium,en_storagemedium) VALUES(7 ,'dsH20','dsH20');
INSERT INTO MUSARK_ANALYSIS.STORAGEMEDIUM(storagemedium_id, no_storagemedium,en_storagemedium) VALUES(8 ,'Elution buffer','Elution buffer');
INSERT INTO MUSARK_ANALYSIS.STORAGEMEDIUM(storagemedium_id, no_storagemedium,en_storagemedium) VALUES(9 ,'Etanol','Ethanol');
INSERT INTO MUSARK_ANALYSIS.STORAGEMEDIUM(storagemedium_id, no_storagemedium,en_storagemedium) VALUES(10,'Etanol 70%','Ethanol 70%');
INSERT INTO MUSARK_ANALYSIS.STORAGEMEDIUM(storagemedium_id, no_storagemedium,en_storagemedium) VALUES(11,'Etanol 80%','Ethanol 80%');
INSERT INTO MUSARK_ANALYSIS.STORAGEMEDIUM(storagemedium_id, no_storagemedium,en_storagemedium) VALUES(12,'Etanol 96%','Ethanol 96%');
INSERT INTO MUSARK_ANALYSIS.STORAGEMEDIUM(storagemedium_id, no_storagemedium,en_storagemedium) VALUES(13,'Fenol','Phenol');
INSERT INTO MUSARK_ANALYSIS.STORAGEMEDIUM(storagemedium_id, no_storagemedium,en_storagemedium) VALUES(14,'Flytende nitrogen','Liquid nitrogen');
INSERT INTO MUSARK_ANALYSIS.STORAGEMEDIUM(storagemedium_id, no_storagemedium,en_storagemedium) VALUES(15,'Formalin','Formalin');
INSERT INTO MUSARK_ANALYSIS.STORAGEMEDIUM(storagemedium_id, no_storagemedium,en_storagemedium) VALUES(16,'Glyserol','Glycerol');
INSERT INTO MUSARK_ANALYSIS.STORAGEMEDIUM(storagemedium_id, no_storagemedium,en_storagemedium) VALUES(17,'Fysiologisk saltvann','Physiological saline');
INSERT INTO MUSARK_ANALYSIS.STORAGEMEDIUM(storagemedium_id, no_storagemedium,en_storagemedium) VALUES(18,'Iseddik','Glacial acetic acid');
INSERT INTO MUSARK_ANALYSIS.STORAGEMEDIUM(storagemedium_id, no_storagemedium,en_storagemedium) VALUES(19,'Isopropanol','Isopropanol');
INSERT INTO MUSARK_ANALYSIS.STORAGEMEDIUM(storagemedium_id, no_storagemedium,en_storagemedium) VALUES(20,'Langmeir solution','Langmeir solution');
INSERT INTO MUSARK_ANALYSIS.STORAGEMEDIUM(storagemedium_id, no_storagemedium,en_storagemedium) VALUES(21,'Queens lysis buffer','Queens lysis buffer');
INSERT INTO MUSARK_ANALYSIS.STORAGEMEDIUM(storagemedium_id, no_storagemedium,en_storagemedium) VALUES(22,'RNAlater','RNAlater');
INSERT INTO MUSARK_ANALYSIS.STORAGEMEDIUM(storagemedium_id, no_storagemedium,en_storagemedium) VALUES(23,'SET buffer','SET buffer');
INSERT INTO MUSARK_ANALYSIS.STORAGEMEDIUM(storagemedium_id, no_storagemedium,en_storagemedium) VALUES(24,'Silika','Silica gel');
INSERT INTO MUSARK_ANALYSIS.STORAGEMEDIUM(storagemedium_id, no_storagemedium,en_storagemedium) VALUES(25,'Tørr','Dry');
INSERT INTO MUSARK_ANALYSIS.STORAGEMEDIUM(storagemedium_id, no_storagemedium,en_storagemedium) VALUES(26,'Parafinvoks','Paraffin wax');

-- INSERTING SAMPLE TYPES
INSERT INTO MUSARK_ANALYSIS.SAMPLE_TYPE(sampletype_id,no_sampletype,en_sampletype,no_samplesubtype,en_samplesubtype)VALUES(1,'DNA-ekstrakt','DNA extract','aDNA','aDNA');
INSERT INTO MUSARK_ANALYSIS.SAMPLE_TYPE(sampletype_id,no_sampletype,en_sampletype,no_samplesubtype,en_samplesubtype)VALUES(2,'DNA-ekstrakt','DNA extract','eDNA','eDNA');
INSERT INTO MUSARK_ANALYSIS.SAMPLE_TYPE(sampletype_id,no_sampletype,en_sampletype,no_samplesubtype,en_samplesubtype)VALUES(3,'DNA-ekstrakt','DNA extract','gDNA','gDNA');
INSERT INTO MUSARK_ANALYSIS.SAMPLE_TYPE(sampletype_id,no_sampletype,en_sampletype,no_samplesubtype,en_samplesubtype)VALUES(4,'DNA-ekstrakt','DNA extract','rDNA','rDNA');
INSERT INTO MUSARK_ANALYSIS.SAMPLE_TYPE(sampletype_id,no_sampletype,en_sampletype,no_samplesubtype,en_samplesubtype)VALUES(5,'Vev','Tissue','Frø','Seed');
INSERT INTO MUSARK_ANALYSIS.SAMPLE_TYPE(sampletype_id,no_sampletype,en_sampletype,no_samplesubtype,en_samplesubtype)VALUES(6,'Levende individ','Living individual','','');
INSERT INTO MUSARK_ANALYSIS.SAMPLE_TYPE(sampletype_id,no_sampletype,en_sampletype,no_samplesubtype,en_samplesubtype)VALUES(7,'Parasitt','Parasite','Ektoparasitt','Ectoparasite');
INSERT INTO MUSARK_ANALYSIS.SAMPLE_TYPE(sampletype_id,no_sampletype,en_sampletype,no_samplesubtype,en_samplesubtype)VALUES(8,'Parasitt','Parasite','Endoparasitt','Endoparasite');
INSERT INTO MUSARK_ANALYSIS.SAMPLE_TYPE(sampletype_id,no_sampletype,en_sampletype,no_samplesubtype,en_samplesubtype)VALUES(9,'RNA-bibliotek','RNA library','','');
INSERT INTO MUSARK_ANALYSIS.SAMPLE_TYPE(sampletype_id,no_sampletype,en_sampletype,no_samplesubtype,en_samplesubtype)VALUES(10,'RNA-ekstrakt','RNA extract','','');
INSERT INTO MUSARK_ANALYSIS.SAMPLE_TYPE(sampletype_id,no_sampletype,en_sampletype,no_samplesubtype,en_samplesubtype)VALUES(11,'Vev','Tissue','Apothecia','Apothecia');
INSERT INTO MUSARK_ANALYSIS.SAMPLE_TYPE(sampletype_id,no_sampletype,en_sampletype,no_samplesubtype,en_samplesubtype)VALUES(12,'Vev','Tissue','Bein','Bone');
INSERT INTO MUSARK_ANALYSIS.SAMPLE_TYPE(sampletype_id,no_sampletype,en_sampletype,no_samplesubtype,en_samplesubtype)VALUES(13,'Vev','Tissue','Binde- og støttevev','Connective tissue');
INSERT INTO MUSARK_ANALYSIS.SAMPLE_TYPE(sampletype_id,no_sampletype,en_sampletype,no_samplesubtype,en_samplesubtype)VALUES(14,'Vev','Tissue','Blad','Leaf');
INSERT INTO MUSARK_ANALYSIS.SAMPLE_TYPE(sampletype_id,no_sampletype,en_sampletype,no_samplesubtype,en_samplesubtype)VALUES(15,'Vev','Tissue','Blod','Blood');
INSERT INTO MUSARK_ANALYSIS.SAMPLE_TYPE(sampletype_id,no_sampletype,en_sampletype,no_samplesubtype,en_samplesubtype)VALUES(16,'Vev','Tissue','Epitelvev','Epithelial tissue');
INSERT INTO MUSARK_ANALYSIS.SAMPLE_TYPE(sampletype_id,no_sampletype,en_sampletype,no_samplesubtype,en_samplesubtype)VALUES(17,'Vev','Tissue','Fjær','Feather');
INSERT INTO MUSARK_ANALYSIS.SAMPLE_TYPE(sampletype_id,no_sampletype,en_sampletype,no_samplesubtype,en_samplesubtype)VALUES(18,'Vev','Tissue','Føtter','Legs');
INSERT INTO MUSARK_ANALYSIS.SAMPLE_TYPE(sampletype_id,no_sampletype,en_sampletype,no_samplesubtype,en_samplesubtype)VALUES(19,'Vev','Tissue','Grunnvev','Ground tissue');
INSERT INTO MUSARK_ANALYSIS.SAMPLE_TYPE(sampletype_id,no_sampletype,en_sampletype,no_samplesubtype,en_samplesubtype)VALUES(20,'Vev','Tissue','Hale','Tail');
INSERT INTO MUSARK_ANALYSIS.SAMPLE_TYPE(sampletype_id,no_sampletype,en_sampletype,no_samplesubtype,en_samplesubtype)VALUES(21,'Vev','Tissue','Hjerne','Brain');
INSERT INTO MUSARK_ANALYSIS.SAMPLE_TYPE(sampletype_id,no_sampletype,en_sampletype,no_samplesubtype,en_samplesubtype)VALUES(22,'Vev','Tissue','Hudvev','Epidermis');
INSERT INTO MUSARK_ANALYSIS.SAMPLE_TYPE(sampletype_id,no_sampletype,en_sampletype,no_samplesubtype,en_samplesubtype)VALUES(23,'Vev','Tissue','Hår','Hair');
INSERT INTO MUSARK_ANALYSIS.SAMPLE_TYPE(sampletype_id,no_sampletype,en_sampletype,no_samplesubtype,en_samplesubtype)VALUES(24,'Vev','Tissue','Knokkel','Bone');
INSERT INTO MUSARK_ANALYSIS.SAMPLE_TYPE(sampletype_id,no_sampletype,en_sampletype,no_samplesubtype,en_samplesubtype)VALUES(25,'Vev','Tissue','Ledningsvev','Vascular tissue');
INSERT INTO MUSARK_ANALYSIS.SAMPLE_TYPE(sampletype_id,no_sampletype,en_sampletype,no_samplesubtype,en_samplesubtype)VALUES(26,'Vev','Tissue','Lever','Liver');
INSERT INTO MUSARK_ANALYSIS.SAMPLE_TYPE(sampletype_id,no_sampletype,en_sampletype,no_samplesubtype,en_samplesubtype)VALUES(27,'Vev','Tissue','Muskel','Muscle');
INSERT INTO MUSARK_ANALYSIS.SAMPLE_TYPE(sampletype_id,no_sampletype,en_sampletype,no_samplesubtype,en_samplesubtype)VALUES(28,'Vev','Tissue','Nervevev','Nervous tissue');
INSERT INTO MUSARK_ANALYSIS.SAMPLE_TYPE(sampletype_id,no_sampletype,en_sampletype,no_samplesubtype,en_samplesubtype)VALUES(29,'Vev','Tissue','Plasma','Plasma');
INSERT INTO MUSARK_ANALYSIS.SAMPLE_TYPE(sampletype_id,no_sampletype,en_sampletype,no_samplesubtype,en_samplesubtype)VALUES(30,'Vev','Tissue','Skinn','Skin');
INSERT INTO MUSARK_ANALYSIS.SAMPLE_TYPE(sampletype_id,no_sampletype,en_sampletype,no_samplesubtype,en_samplesubtype)VALUES(31,'Vev','Tissue','Soredia','Soredia');
INSERT INTO MUSARK_ANALYSIS.SAMPLE_TYPE(sampletype_id,no_sampletype,en_sampletype,no_samplesubtype,en_samplesubtype)VALUES(32,'Vev','Tissue','Testikkel','Testicle');
INSERT INTO MUSARK_ANALYSIS.SAMPLE_TYPE(sampletype_id,no_sampletype,en_sampletype,no_samplesubtype,en_samplesubtype)VALUES(33,'Vev','Tissue','Thallus','Thallus');
INSERT INTO MUSARK_ANALYSIS.SAMPLE_TYPE(sampletype_id,no_sampletype,en_sampletype,no_samplesubtype,en_samplesubtype)VALUES(34,'Vev','Tissue','Tåpute','Toe pad');
INSERT INTO MUSARK_ANALYSIS.SAMPLE_TYPE(sampletype_id,no_sampletype,en_sampletype,no_samplesubtype,en_samplesubtype)VALUES(35,'Vev','Tissue','Vinge','Wing');
INSERT INTO MUSARK_ANALYSIS.SAMPLE_TYPE(sampletype_id,no_sampletype,en_sampletype,no_samplesubtype,en_samplesubtype)VALUES(36,'Vev','Tissue','Øre','Ear');
INSERT INTO MUSARK_ANALYSIS.SAMPLE_TYPE(sampletype_id,no_sampletype,en_sampletype,no_samplesubtype,en_samplesubtype)VALUES(37,'Materiale','Material','','');
INSERT INTO MUSARK_ANALYSIS.SAMPLE_TYPE(sampletype_id,no_sampletype,en_sampletype,no_samplesubtype,en_samplesubtype) VALUES (38, 'Arkeologisk materiale', 'Archaeological material','leire ','clay');
INSERT INTO MUSARK_ANALYSIS.SAMPLE_TYPE(sampletype_id,no_sampletype,en_sampletype,no_samplesubtype,en_samplesubtype) VALUES (39, 'Arkeologisk materiale', 'Archaeological material','lerret','canvas');
INSERT INTO MUSARK_ANALYSIS.SAMPLE_TYPE(sampletype_id,no_sampletype,en_sampletype,no_samplesubtype,en_samplesubtype) VALUES (40, 'Arkeologisk materiale', 'Archaeological material','lin','flax');
INSERT INTO MUSARK_ANALYSIS.SAMPLE_TYPE(sampletype_id,no_sampletype,en_sampletype,no_samplesubtype,en_samplesubtype) VALUES (41, 'Arkeologisk materiale', 'Archaeological material','lær','leather');
INSERT INTO MUSARK_ANALYSIS.SAMPLE_TYPE(sampletype_id,no_sampletype,en_sampletype,no_samplesubtype,en_samplesubtype) VALUES (164,'Etnografisk materiale', 'Ethnografic material','agat','agate');
INSERT INTO MUSARK_ANALYSIS.SAMPLE_TYPE(sampletype_id,no_sampletype,en_sampletype,no_samplesubtype,en_samplesubtype) VALUES (165,'Etnografisk materiale', 'Ethnografic material','akryl','acrylic');
INSERT INTO MUSARK_ANALYSIS.SAMPLE_TYPE(sampletype_id,no_sampletype,en_sampletype,no_samplesubtype,en_samplesubtype) VALUES (166,'Etnografisk materiale', 'Ethnografic material','alabast','alabaster');
INSERT INTO MUSARK_ANALYSIS.SAMPLE_TYPE(sampletype_id,no_sampletype,en_sampletype,no_samplesubtype,en_samplesubtype) VALUES (167,'Etnografisk materiale', 'Ethnografic material','ametyst','amethyst');
INSERT INTO MUSARK_ANALYSIS.SAMPLE_TYPE(sampletype_id,no_sampletype,en_sampletype,no_samplesubtype,en_samplesubtype) VALUES (376,'Numismatisk materiale', 'Numismatic material','Porselen','Porcelain');
INSERT INTO MUSARK_ANALYSIS.SAMPLE_TYPE(sampletype_id,no_sampletype,en_sampletype,no_samplesubtype,en_samplesubtype) VALUES (377,'Numismatisk materiale', 'Numismatic material','Sink','Zink');
INSERT INTO MUSARK_ANALYSIS.SAMPLE_TYPE(sampletype_id,no_sampletype,en_sampletype,no_samplesubtype,en_samplesubtype) VALUES (378,'Numismatisk materiale', 'Numismatic material','Stål','Steel');
INSERT INTO MUSARK_ANALYSIS.SAMPLE_TYPE(sampletype_id,no_sampletype,en_sampletype,no_samplesubtype,en_samplesubtype) VALUES (380,'Sediment-/jordprøver',  'Sediment and soil samples', 'C/N prøver', 'C/N samples');
INSERT INTO MUSARK_ANALYSIS.SAMPLE_TYPE(sampletype_id,no_sampletype,en_sampletype,no_samplesubtype,en_samplesubtype) VALUES (381,'Sediment-/jordprøver',  'Sediment and soil samples', 'Jordmikromorfologiske prøver','Soil micromorphology samples');
INSERT INTO MUSARK_ANALYSIS.SAMPLE_TYPE(sampletype_id,no_sampletype,en_sampletype,no_samplesubtype,en_samplesubtype) VALUES (382,'Sediment-/jordprøver',  'Sediment and soil samples', 'Kornfordelingsprøver','Grain size distribution (GSD) samples');
